GROUP,PACKAGE,CLASS,INSTRUCTION_MISSED,INSTRUCTION_COVERED,BRANCH_MISSED,BRANCH_COVERED,LINE_MISSED,LINE_COVERED,COMPLEXITY_MISSED,COMPLEXITY_COVERED,METHOD_MISSED,METHOD_COVERED
lab6,view,MenuOptions,44,0,0,0,13,0,2,0,2,0
lab6,view,ProgFrame,47,0,0,0,12,0,1,0,1,0
lab6,view,ProgPanel,4,71,0,0,2,16,1,4,1,4
lab6,view,MenuOptions.new ActionListener() {...},10,0,0,0,3,0,2,0,2,0
lab6,controller,ActionSave,23,0,0,0,7,0,2,0,2,0
lab6,model,CentimetersConversionArea,4,7,0,0,2,3,1,2,1,2
lab6,model,MeterConversionArea,18,6,0,0,5,2,2,1,2,1
lab6,model,ValueToConvert,48,0,2,0,14,0,5,0,4,0
lab6,model,FeetConversionArea,18,6,0,0,5,2,2,1,2,1
lab6,model,ConcreteSubject,37,0,2,0,11,0,6,0,5,0
